id,name,Project,email,LaptopId
101,Employee-1,Healthcare,Employee-1@gmail.com,lid-1
102,Employee-2,Healthcare,Employee-2@gmail.com,lid-2
103,Employee-3,Healthcare,Employee-3@gmail.com,lid-3
104,Employee-4,Healthcare,Employee-4@gmail.com,lid-4
105,Employee-5,Healthcare,Employee-5@gmail.com,lid-5
106,Employee-6,Healthcare,Employee-6@gmail.com,lid-6
107,Employee-7,Healthcare,Employee-7@gmail.com,lid-7
108,Employee-8,Healthcare,Employee-8@gmail.com,lid-8
109,Employee-9,Healthcare,Employee-9@gmail.com,lid-9
110,Employee-10,Healthcare,Employee-10@gmail.com,lid-10
111,Employee-11,Healthcare,Employee-11@gmail.com,lid-11
112,Employee-12,Healthcare,Employee-12@gmail.com,lid-12
113,Employee-13,Healthcare,Employee-13@gmail.com,lid-13
114,Employee-14,Healthcare,Employee-14@gmail.com,lid-14
115,Employee-15,Healthcare,Employee-15@gmail.com,lid-15
116,Employee-16,Healthcare,Employee-16@gmail.com,lid-16
117,Employee-17,Healthcare,Employee-17@gmail.com,lid-17
118,Employee-18,Healthcare,Employee-18@gmail.com,lid-18
119,Employee-19,Healthcare,Employee-19@gmail.com,lid-19
120,Employee-20,Healthcare,Employee-20@gmail.com,lid-20
121,Employee-21,Healthcare,Employee-21@gmail.com,lid-21
122,Employee-22,Healthcare,Employee-22@gmail.com,lid-22
123,Employee-23,Healthcare,Employee-23@gmail.com,lid-23
124,Employee-24,Healthcare,Employee-24@gmail.com,lid-24
125,Employee-25,Healthcare,Employee-25@gmail.com,lid-25
126,Employee-26,Healthcare,Employee-26@gmail.com,lid-26
127,Employee-27,Healthcare,Employee-27@gmail.com,lid-27
128,Employee-28,Healthcare,Employee-28@gmail.com,lid-28
129,Employee-29,Healthcare,Employee-29@gmail.com,lid-29
130,Employee-30,Healthcare,Employee-30@gmail.com,lid-30
131,Employee-31,Healthcare,Employee-31@gmail.com,lid-31
132,Employee-32,Healthcare,Employee-32@gmail.com,lid-32
133,Employee-33,Payment Project,Employee-33@gmail.com,lid-33
134,Employee-34,Payment Project,Employee-34@gmail.com,lid-34
135,Employee-35,Payment Project,Employee-35@gmail.com,lid-35
136,Employee-36,Payment Project,Employee-36@gmail.com,lid-36
137,Employee-37,Payment Project,Employee-37@gmail.com,lid-37
138,Employee-38,Payment Project,Employee-38@gmail.com,lid-38
139,Employee-39,Payment Project,Employee-39@gmail.com,lid-39
140,Employee-40,Payment Project,Employee-40@gmail.com,lid-40
141,Employee-41,Payment Project,Employee-41@gmail.com,lid-41
142,Employee-42,Payment Project,Employee-42@gmail.com,lid-42
143,Employee-43,Payment Project,Employee-43@gmail.com,lid-43
144,Employee-44,Payment Project,Employee-44@gmail.com,lid-44
145,Employee-45,Payment Project,Employee-45@gmail.com,lid-45
146,Employee-46,Payment Project,Employee-46@gmail.com,lid-46
147,Employee-47,Payment Project,Employee-47@gmail.com,lid-47
148,Employee-48,Payment Project,Employee-48@gmail.com,lid-48
149,Employee-49,Payment Project,Employee-49@gmail.com,lid-49
150,Employee-50,Payment Project,Employee-50@gmail.com,lid-50
151,Employee-51,Payment Project,Employee-51@gmail.com,lid-51
152,Employee-52,Payment Project,Employee-52@gmail.com,lid-52
153,Employee-53,Payment Project,Employee-53@gmail.com,lid-53
154,Employee-54,Payment Project,Employee-54@gmail.com,lid-54
155,Employee-55,Payment Project,Employee-55@gmail.com,lid-55
156,Employee-56,Payment Project,Employee-56@gmail.com,lid-56
157,Employee-57,Payment Project,Employee-57@gmail.com,lid-57
158,Employee-58,Payment Project,Employee-58@gmail.com,lid-58
159,Employee-59,Payment Project,Employee-59@gmail.com,lid-59
160,Employee-60,Payment Project,Employee-60@gmail.com,lid-60
161,Employee-61,Payment Project,Employee-61@gmail.com,lid-61
162,Employee-62,Payment Project,Employee-62@gmail.com,lid-62
163,Employee-63,Payment Project,Employee-63@gmail.com,lid-63
164,Employee-64,Payment Project,Employee-64@gmail.com,lid-64
165,Employee-65,Payment Project,Employee-65@gmail.com,lid-65
166,Employee-66,Payment Project,Employee-66@gmail.com,lid-66
167,Employee-67,Payment Project,Employee-67@gmail.com,lid-67
168,Employee-68,Payment Project,Employee-68@gmail.com,lid-68
169,Employee-69,Payment Project,Employee-69@gmail.com,lid-69
170,Employee-70,E-commerce,Employee-70@gmail.com,lid-70
171,Employee-71,E-commerce,Employee-71@gmail.com,lid-71
172,Employee-72,E-commerce,Employee-72@gmail.com,lid-72
173,Employee-73,E-commerce,Employee-73@gmail.com,lid-73
174,Employee-74,E-commerce,Employee-74@gmail.com,lid-74
175,Employee-75,E-commerce,Employee-75@gmail.com,lid-75
176,Employee-76,E-commerce,Employee-76@gmail.com,lid-76
177,Employee-77,E-commerce,Employee-77@gmail.com,lid-77
178,Employee-78,E-commerce,Employee-78@gmail.com,lid-78
179,Employee-79,E-commerce,Employee-79@gmail.com,lid-222
180,Employee-80,E-commerce,Employee-80@gmail.com,lid-80
181,Employee-81,E-commerce,Employee-81@gmail.com,lid-81
182,Employee-82,E-commerce,Employee-82@gmail.com,lid-82
183,Employee-83,E-commerce,Employee-83@gmail.com,lid-83
184,Employee-84,E-commerce,Employee-84@gmail.com,lid-84
185,Employee-85,E-commerce,Employee-85@gmail.com,lid-85
186,Employee-86,E-commerce,Employee-86@gmail.com,lid-86
187,Employee-87,E-commerce,Employee-87@gmail.com,lid-87
188,Employee-88,E-commerce,Employee-88@gmail.com,lid-88
189,Employee-89,E-commerce,Employee-89@gmail.com,lid-89
190,Employee-90,E-commerce,Employee-90@gmail.com,lid-90
191,Employee-91,E-commerce,Employee-91@gmail.com,lid-91
192,Employee-92,E-commerce,Employee-92@gmail.com,lid-92
193,Employee-93,E-commerce,Employee-93@gmail.com,lid-93
194,Employee-94,E-commerce,Employee-94@gmail.com,lid-94
195,Employee-95,E-commerce,Employee-95@gmail.com,lid-95
196,Employee-96,E-commerce,Employee-96@gmail.com,lid-96
197,Employee-97,E-commerce,Employee-97@gmail.com,lid-97
198,Employee-98,E-commerce,Employee-98@gmail.com,lid-98
199,Employee-99,E-commerce,Employee-99@gmail.com,lid-99
200,Employee-100,E-commerce,Employee-100@gmail.com,lid-100
201,Employee-101,E-commerce,Employee-101@gmail.com,lid-101
202,Employee-102,E-commerce,Employee-102@gmail.com,lid-102
203,Employee-103,E-commerce,Employee-103@gmail.com,lid-103
204,Employee-104,E-commerce,Employee-104@gmail.com,lid-104
205,Employee-105,E-commerce,Employee-105@gmail.com,lid-105
206,Employee-106,E-commerce,Employee-106@gmail.com,lid-106
207,Employee-107,E-commerce,Employee-107@gmail.com,lid-107
208,Employee-108,E-commerce,Employee-108@gmail.com,lid-108
209,Employee-109,E-commerce,Employee-109@gmail.com,lid-109
210,Employee-110,E-commerce,Employee-110@gmail.com,lid-110
211,Employee-111,E-commerce,Employee-111@gmail.com,lid-111
212,Employee-112,E-commerce,Employee-112@gmail.com,lid-112
213,Employee-113,E-commerce,Employee-113@gmail.com,lid-113
214,Employee-114,E-commerce,Employee-114@gmail.com,lid-114
215,Employee-115,E-commerce,Employee-115@gmail.com,lid-115
216,Employee-116,E-commerce,Employee-116@gmail.com,lid-116
217,Employee-117,E-commerce,Employee-117@gmail.com,lid-117
218,Employee-118,E-commerce,Employee-118@gmail.com,lid-118
219,Employee-119,E-commerce,Employee-119@gmail.com,lid-119
220,Employee-120,E-commerce,Employee-120@gmail.com,lid-120
221,Employee-121,E-commerce,Employee-121@gmail.com,lid-121
222,Employee-122,E-commerce,Employee-122@gmail.com,lid-122
223,Employee-123,E-commerce,Employee-123@gmail.com,lid-123
224,Employee-124,E-commerce,Employee-124@gmail.com,lid-124
225,Employee-125,E-commerce,Employee-125@gmail.com,lid-125
226,Employee-126,E-commerce,Employee-126@gmail.com,lid-126
227,Employee-127,E-commerce,Employee-127@gmail.com,lid-127
228,Employee-128,E-commerce,Employee-128@gmail.com,lid-128
229,Employee-129,E-commerce,Employee-129@gmail.com,lid-129
230,Employee-130,E-commerce,Employee-130@gmail.com,lid-130
231,Employee-131,E-commerce,Employee-131@gmail.com,lid-131
232,Employee-132,E-commerce,Employee-132@gmail.com,lid-132
233,Employee-133,E-commerce,Employee-133@gmail.com,lid-133
234,Employee-134,E-commerce,Employee-134@gmail.com,lid-134
235,Employee-135,E-commerce,Employee-135@gmail.com,lid-135
236,Employee-136,E-commerce,Employee-136@gmail.com,lid-136
237,Employee-137,E-commerce,Employee-137@gmail.com,lid-137
238,Employee-138,E-commerce,Employee-138@gmail.com,lid-138
239,Employee-139,E-commerce,Employee-139@gmail.com,lid-139
240,Employee-140,E-commerce,Employee-140@gmail.com,lid-140
241,Employee-141,E-commerce,Employee-141@gmail.com,lid-141
242,Employee-142,E-commerce,Employee-142@gmail.com,lid-142
243,Employee-143,E-commerce,Employee-143@gmail.com,lid-143
244,Employee-144,E-commerce,Employee-144@gmail.com,lid-144
245,Employee-145,E-commerce,Employee-145@gmail.com,lid-145
246,Employee-146,E-commerce,Employee-146@gmail.com,lid-146
247,Employee-147,E-commerce,Employee-147@gmail.com,lid-147
248,Employee-148,E-commerce,Employee-148@gmail.com,lid-444
249,Employee-149,E-commerce,Employee-149@gmail.com,lid-149
250,Employee-150,E-commerce,Employee-150@gmail.com,lid-150
251,Employee-151,E-commerce,Employee-151@gmail.com,lid-151
252,Employee-152,E-commerce,Employee-152@gmail.com,lid-152
253,Employee-153,E-commerce,Employee-153@gmail.com,lid-153
254,Employee-154,E-commerce,Employee-154@gmail.com,lid-154
255,Employee-155,E-commerce,Employee-155@gmail.com,lid-155
256,Employee-156,E-commerce,Employee-156@gmail.com,lid-156
257,Employee-157,E-commerce,Employee-157@gmail.com,lid-157
258,Employee-158,E-commerce,Employee-158@gmail.com,lid-158
259,Employee-159,E-commerce,Employee-159@gmail.com,lid-159
260,Employee-160,E-commerce,Employee-160@gmail.com,lid-160
261,Employee-161,E-commerce,Employee-161@gmail.com,lid-161
262,Employee-162,E-commerce,Employee-162@gmail.com,lid-162
263,Employee-163,E-commerce,Employee-163@gmail.com,lid-163
264,Employee-164,E-commerce,Employee-164@gmail.com,lid-164
265,Employee-165,E-commerce,Employee-165@gmail.com,lid-165
266,Employee-166,E-commerce,Employee-166@gmail.com,lid-166
267,Employee-167,E-commerce,Employee-167@gmail.com,lid-167
268,Employee-168,E-commerce,Employee-168@gmail.com,lid-333
269,Employee-169,E-commerce,Employee-169@gmail.com,lid-169
270,Employee-170,E-commerce,Employee-170@gmail.com,lid-170
271,Employee-171,E-commerce,Employee-171@gmail.com,lid-171
272,Employee-172,E-commerce,Employee-172@gmail.com,lid-172
273,Employee-173,E-commerce,Employee-173@gmail.com,lid-173
274,Employee-174,E-commerce,Employee-174@gmail.com,lid-174
275,Employee-175,E-commerce,Employee-175@gmail.com,lid-175
276,Employee-176,Fintech,Employee-176@gmail.com,lid-176
277,Employee-177,Fintech,Employee-177@gmail.com,lid-177
278,Employee-178,Fintech,Employee-178@gmail.com,lid-178
279,Employee-179,Fintech,Employee-179@gmail.com,lid-179
280,Employee-180,Fintech,Employee-180@gmail.com,lid-180
281,Employee-181,Fintech,Employee-181@gmail.com,lid-181
282,Employee-182,Fintech,Employee-182@gmail.com,lid-182
283,Employee-183,Fintech,Employee-183@gmail.com,lid-183
284,Employee-184,Fintech,Employee-184@gmail.com,lid-184
285,Employee-185,Fintech,Employee-185@gmail.com,lid-185
286,Employee-186,Fintech,Employee-186@gmail.com,lid-186
287,Employee-187,Fintech,Employee-187@gmail.com,lid-187
288,Employee-188,Fintech,Employee-188@gmail.com,lid-188
289,Employee-189,Fintech,Employee-189@gmail.com,lid-189
290,Employee-190,Fintech,Employee-190@gmail.com,lid-444
291,Employee-191,Fintech,Employee-191@gmail.com,lid-191
292,Employee-192,Fintech,Employee-192@gmail.com,lid-192
293,Employee-193,Fintech,Employee-193@gmail.com,lid-193
294,Employee-194,Fintech,Employee-194@gmail.com,lid-194
295,Employee-195,Fintech,Employee-195@gmail.com,lid-195
296,Employee-196,Fintech,Employee-196@gmail.com,lid-196
297,Employee-197,Fintech,Employee-197@gmail.com,lid-197
298,Employee-198,Fintech,Employee-198@gmail.com,lid-198
299,Employee-199,Fintech,Employee-199@gmail.com,lid-199
